MSE,RMSE,MAE,R2
519.5943849551633,22.794613068774897,14.426893254707243,0.84577792208433
