train_score,test_score,cv_scores_mean
0.8872451828129375,0.84577792208433,0.8272296005657447
